"mirtarbase","targets"
"ebv-miR-BART15","57448"
"ebv-miR-BART16","56993"
"ebv-miR-BART3-3p","10527"
"ebv-miR-BART6-5p","23405"
"ebv-miR-BHRF1-1","10969"
"ebv-miR-BHRF1-2-3p","9260"
"gga-miR-26a-5p","10783"
"gga-miR-489-3p","4088"
"hcmv-miR-UL112-3p","4277"
"hcmv-miR-US25-2-3p","1973"
"hsa-let-7a-5p","639, 639, 836, 894, 997, 1021, 1026, 1236, 1870, 1956, 2130, 2146, 3037, 3159, 3159, 3265, 3265, 3265, 3481, 3569, 3690, 3845, 3845, 3845, 4609, 4609, 4771, 4893, 4893, 5058, 6241, 8091, 8091, 8091, 8091, 8091, 8091, 8091, 8795, 9212, 10642, 23405, 26523, 28511, 55225, 57799, 79727, 115426, 131405, 131405, 192670"
"hsa-let-7b-5p","208, 595, 595, 595, 639, 890, 894, 894, 993, 997, 997, 1021, 1281, 1573, 3159, 3265, 3456, 3480, 4893, 7046, 7099, 7101, 8091, 8091, 8091, 8660, 8795, 10642, 10642, 10644, 22849, 26523, 64506, 79727, 115908, 136319, 157506, 389421"
"hsa-let-7c-5p","598, 598, 1051, 2475, 2873, 3480, 3569, 3586, 3690, 4609, 4893, 5089, 7046, 8091, 8091, 8091, 8091, 8491, 8795, 10920, 10980, 26523, 28951, 131405, 253260"
"hsa-let-7d-5p","3596, 4891, 8091, 8091, 8091, 8091, 8795, 23405, 26523"
"hsa-let-7e-3p","2873, 10920, 10980"
"hsa-let-7e-5p","595, 595, 2146, 3479, 3480, 4318, 4613, 4613, 7471, 8091, 8243, 8795, 9212, 26523, 79727"
"hsa-let-7f-5p","595, 639, 1588, 2000, 2873, 3596, 4627, 5653, 5655, 5655, 6354, 8445, 9021, 10920, 10980, 26523"
"hsa-let-7g-5p","208, 598, 648, 836, 1029, 1278, 2335, 3596, 3845, 4087, 4609, 7046, 7057, 8091, 8091, 8091, 8091, 8795, 9846, 10642, 26523"
"hsa-let-7i-5p","429, 652, 2873, 3479, 3596, 4762, 7099, 8651, 10920, 10980, 26523"
"hsa-miR-1-3p","103, 302, 444, 526, 610, 610, 627, 1050, 1266, 1906, 1906, 2113, 2170, 2194, 2335, 2335, 2539, 2539, 2626, 2697, 2697, 2697, 2697, 3308, 3329, 3329, 3753, 3759, 3759, 3796, 3927, 3927, 4205, 4233, 4233, 4233, 4233, 4352, 4512, 4535, 4854, 4854, 4854, 4860, 4860, 5077, 5226, 5290, 5292, 5292, 5525, 5581, 5756, 5757, 5757, 6546, 6591, 6591, 6662, 6667, 7054, 7086, 7114, 7534, 
8324, 8407, 8407, 8407, 8407, 8539, 9464, 9759, 9759, 9759, 10021, 10818, 23214, 26523, 27086, 27086, 55553, 55832, 57645, 113251, 161742"
"hsa-miR-100-5p","207, 472, 659, 2261, 2261, 2261, 2261, 2289, 2321, 2475, 2475, 2475, 2475, 3198, 3198, 3480, 3480, 3480, 3481, 3491, 4322, 5347, 5347, 5347, 5347, 5347, 5908, 7762, 8467, 8467, 9612, 9956, 10217, 83591"
"hsa-miR-101-3p","351, 351, 472, 506, 1003, 1080, 1788, 1843, 2146, 2146, 2146, 2146, 2146, 2146, 2146, 2146, 2146, 2146, 2146, 2146, 2332, 2353, 2475, 3925, 3925, 4170, 4170, 4170, 4211, 4233, 4286, 4513, 4613, 4613, 5734, 5743, 5743, 5868, 5868, 5908, 6310, 6662, 6935, 7422, 8726, 9839, 51701, 54790, 64506, 84971"
"hsa-miR-101-5p","5591"
"hsa-miR-103a-3p","857, 857, 898, 1017, 1385, 1558, 1612, 3398, 4602, 5728, 5888, 6623, 7078, 9314, 23405, 23405, 26523"
"hsa-miR-105-5p","207, 1021, 3667, 4602, 5163, 7082, 7097"
"hsa-miR-106a-5p","351, 355, 472, 595, 650, 840, 861, 864, 1026, 1026, 1026, 1026, 1588, 1869, 1869, 3586, 5601, 5728, 5925, 5925, 5925, 5934, 6515, 6774, 6774, 7048, 7077, 7077, 7422, 8915, 10114, 29116, 51742, 140885"
"hsa-miR-106b-5p","324, 351, 595, 840, 841, 864, 894, 1026, 1026, 1026, 1026, 1026, 1026, 1026, 1026, 1026, 1026, 1026, 1869, 1869, 1869, 1869, 1869, 1875, 3716, 4092, 4092, 4313, 5311, 5728, 5728, 5813, 5925, 5925, 5933, 5933, 5934, 5934, 5934, 6774, 7291, 7422, 7465, 8320, 8850, 9338, 9338, 9338, 9927, 10018, 55054, 57659, 83737, 83737"
"hsa-miR-107","405, 857, 1021, 1021, 1021, 1021, 1021, 1024, 1128, 1558, 1612, 2308, 2896, 2896, 3091, 3569, 3716, 4602, 4774, 4853, 4853, 4853, 5324, 5581, 5888, 6623, 7422, 8313, 9314, 23405, 23405, 23621, 23621, 26523, 26524, 55294, 57167"
"hsa-miR-10a-5p","2043, 3198, 3198, 5294, 5728, 6426, 6434, 6885, 7392, 8945, 9612, 10752"
"hsa-miR-10b-3p","699, 890, 5347"
"hsa-miR-10b-5p","1026, 1029, 3236, 3236, 3236, 3236, 3236, 3236, 3236, 3236, 4763, 4851, 5080, 5465, 5728, 5728, 6382, 6382, 6426, 6434, 7022, 7074, 7157, 7168, 9314, 9314, 9314, 9612, 9780, 10018, 10553, 22919, 23586, 27250"
"hsa-miR-1180-3p","9338"
"hsa-miR-1181","6657, 6774"
"hsa-miR-1182","7015"
"hsa-miR-1202","2914"
"hsa-miR-1207-5p","7015"
"hsa-miR-122-5p","102, 226, 287, 311, 387, 387, 477, 558, 581, 599, 900, 900, 900, 1019, 1581, 1844, 2530, 2997, 3162, 3480, 3480, 3480, 4204, 4209, 4684, 5033, 5315, 5564, 5600, 5770, 5879, 6541, 6541, 6541, 6722, 6868, 6868, 7165, 7471, 8575, 8651, 9095, 9253, 9583, 10000, 10000, 10221, 10947, 22887, 23214, 23657, 25778, 25932, 27086, 51251, 51560, 55568, 55833, 55893, 64127, 65985, 65991, 
80223, 84901, 92579, 112399, 150864"
"hsa-miR-1226-3p","4582"
"hsa-miR-1228-3p","1459, 64112"
"hsa-miR-1234-3p","6774"
"hsa-miR-1236-3p","2324, 3791, 6935, 9338"
"hsa-miR-124-3p","182, 196, 367, 367, 391, 627, 857, 894, 977, 1017, 1019, 1019, 1021, 1021, 1021, 1021, 1021, 1021, 1021, 1050, 1316, 1432, 1490, 1876, 1947, 2004, 2146, 2146, 2146, 2395, 2547, 2890, 2891, 2892, 2908, 3159, 3181, 3570, 3688, 3688, 3688, 3690, 3915, 4204, 4306, 4772, 5290, 5396, 5725, 5725, 5725, 5725, 5879, 5970, 5978, 5999, 6093, 6093, 6093, 6237, 6347, 6347, 6566, 6591, 
6591, 6591, 6654, 6774, 6774, 6774, 6774, 6774, 6847, 6847, 7431, 8826, 8826, 8826, 8877, 9475, 9575, 10211, 10848, 10848, 23261, 29126, 58190, 64332, 64754, 64754, 136319, 154810, 157506, 252916, 100124700"
"hsa-miR-1245a","675"
"hsa-miR-1246","1859"
"hsa-miR-1247-5p","6662"
"hsa-miR-1256","55128"
"hsa-miR-1258","10855, 116535"
"hsa-miR-125a-3p","387, 2239, 2534"
"hsa-miR-125a-5p","578, 738, 947, 1026, 1956, 1994, 2064, 2064, 2064, 2065, 2065, 2065, 2101, 3099, 3458, 3955, 3977, 4089, 4320, 4916, 4916, 4916, 7128, 7157, 7189, 10620, 23601, 51547, 51621, 51621, 79727"
"hsa-miR-125b-1-3p","1901, 4070"
"hsa-miR-125b-2-3p","3480"
"hsa-miR-125b-5p","207, 578, 578, 578, 578, 596, 599, 599, 602, 639, 658, 738, 865, 865, 1003, 1029, 1029, 1432, 1457, 1591, 1820, 1848, 1870, 1871, 1871, 1955, 1978, 2028, 2056, 2057, 2064, 2064, 2064, 2064, 2065, 2065, 2065, 2113, 2263, 2735, 2903, 2937, 3099, 3159, 3384, 3481, 3570, 3570, 3662, 3988, 4084, 4089, 4170, 4170, 4322, 4582, 4916, 5281, 5293, 5293, 5499, 5499, 5499, 5894, 6195, 
6337, 6608, 6608, 7128, 7157, 7157, 7157, 7157, 7157, 7421, 7421, 8091, 8575, 8694, 8879, 9525, 9612, 10401, 10620, 10763, 11253, 22806, 22807, 23216, 27113, 28511, 51547, 51621, 54619, 54790, 56648, 57491, 58488, 64375, 79727, 79727, 79727, 79727, 79727, 80325, 90427, 90627, 94241, 389421"
"hsa-miR-126-3p","133, 596, 976, 1398, 1398, 1398, 1398, 1398, 1399, 1786, 1786, 2309, 3205, 3485, 3667, 3667, 3667, 3667, 3845, 4040, 4316, 4792, 5241, 5294, 5294, 5296, 5296, 5296, 5296, 5778, 6387, 6657, 6657, 6925, 7010, 7412, 7422, 7422, 7422, 7422, 7422, 7422, 7852, 7852, 7852, 8140, 8140, 8754, 8754, 8754, 10043, 10461, 10769, 10769, 23411, 26207, 51162, 58480, 161742, 161742, 161742, 
161742"
"hsa-miR-126-5p","4316, 4609, 5778, 6387, 8754, 85414"
"hsa-miR-1260b","4089, 4089, 6422, 6422, 27123"
"hsa-miR-1266-5p","7015"
"hsa-miR-127-3p","604, 604, 604, 639, 989, 4322, 5272, 5596, 6422, 6497, 7494, 11130, 56963, 387893"
"hsa-miR-1270","2395"
"hsa-miR-1271-5p","2719"
"hsa-miR-1274a","4303"
"hsa-miR-128-3p","19, 581, 648, 648, 648, 648, 648, 1432, 1435, 1435, 1435, 1641, 1871, 1871, 1956, 2047, 2048, 3670, 4751, 4916, 4916, 5649, 5728, 5979, 6256, 6591, 6720, 6721, 7046, 7424, 7465, 8772, 9314, 9619, 23411, 23512, 55294, 79727, 79923, 79923"
"hsa-miR-1280","6093"
"hsa-miR-1285-3p","7052, 7157"
"hsa-miR-1289","495"
"hsa-miR-128b","1027, 1956, 4297, 4299"
"hsa-miR-129-1-3p","5134"
"hsa-miR-129-2-3p","1021, 6659, 9738"
"hsa-miR-129-5p","324, 624, 1021, 2332, 4851, 5243, 5979, 6659, 6659, 6667, 9619, 10057, 23261, 192669"
"hsa-miR-1291","2081, 4363, 6513"
"hsa-miR-1292-5p","6659"
"hsa-miR-1293","7076"
"hsa-miR-1296-5p","4171"
"hsa-miR-1297","28951"
"hsa-miR-1303","51208"
"hsa-miR-130a-3p","331, 864, 864, 1435, 1435, 2099, 2697, 3202, 3206, 3606, 4089, 4223, 5465, 5468, 6310, 6863, 7040, 7124, 8519, 9314, 9935, 11477, 23405, 55102"
"hsa-miR-130b-3p","864, 890, 1435, 2332, 3688, 4089, 5156, 5468, 5728, 6774, 6935, 7405, 10891, 23405, 57659, 94241"
"hsa-miR-132-3p","627, 890, 891, 1026, 1398, 1839, 1839, 5594, 5921, 5925, 6660, 9743, 9743, 23411, 51135, 51155, 55175, 83660, 83660, 93643"
"hsa-miR-132-5p","2308"
"hsa-miR-133a-3p","302, 598, 610, 610, 775, 842, 998, 1277, 1956, 1956, 1956, 1956, 2512, 2950, 3480, 3480, 3757, 3784, 3927, 3927, 4170, 4323, 4478, 4860, 4860, 6624, 6624, 6624, 6624, 6667, 6667, 7351, 8407, 8407, 8407, 10021, 10054, 10092, 10611, 63976, 63976, 79001, 117584, 166929, 401548"
"hsa-miR-133b","207, 387, 599, 599, 599, 599, 610, 668, 998, 998, 1490, 1956, 1956, 2078, 2260, 2735, 3480, 3480, 3757, 4170, 4170, 4170, 4233, 4233, 4318, 5309, 5796, 6624, 6624, 6624, 6667, 6788, 7852, 8407, 8621, 8895, 9821, 10021, 55179, 58155, 63976"
"hsa-miR-134-5p","2064, 2305, 3688, 3845, 3845, 4363, 4988, 6777, 7422, 9863, 23369, 51114, 79923"
"hsa-miR-135a-5p","324, 324, 596, 659, 3206, 3206, 3350, 3717, 3717, 4090, 4306, 4609, 6093, 6477, 6532, 6778, 7436, 8660, 9788"
"hsa-miR-135b-5p","91, 324, 659, 846, 846, 4090, 4090, 4281, 5527, 7046, 9314, 9935, 11178, 23788"
"hsa-miR-136-5p","596, 92140"
"hsa-miR-137","12, 208, 208, 665, 998, 998, 998, 998, 1021, 1021, 1021, 1021, 1021, 1021, 1021, 1434, 1487, 2101, 3815, 4233, 4286, 4513, 4904, 4904, 4904, 5743, 5829, 6095, 6926, 7042, 9314, 10206, 11010, 12355, 23028, 23028, 23028, 91752, 92140, 114793, 139341"
"hsa-miR-138-5p","389, 389, 595, 836, 896, 896, 999, 2146, 2146, 2146, 2146, 2771, 3014, 3091, 3091, 3934, 4084, 4296, 5649, 5747, 6271, 6591, 6659, 7015, 7431, 7431, 8061, 9475, 9839, 10904, 23411, 23512, 23741, 25960, 29843, 64795, 117581"
"hsa-miR-139-5p","2353, 2494, 3265, 3480, 3480, 3725, 4170, 4170, 4790, 4851, 5290, 5908, 7852, 7852, 9475, 22882, 26355, 55288"
"hsa-miR-140-3p","952, 8204"
"hsa-miR-140-5p","100, 216, 1786, 2254, 3480, 3915, 5080, 5156, 5898, 6657, 6662, 7046, 7422, 9759, 23531, 23549, 28962, 51564"
"hsa-miR-141-3p","93, 989, 993, 995, 1432, 1488, 1749, 1871, 1977, 3068, 3184, 3215, 4071, 5465, 5601, 5728, 5789, 6421, 6464, 6775, 6901, 6935, 6935, 6935, 7029, 7042, 7074, 7532, 8019, 8314, 8431, 8462, 9425, 9448, 9575, 9575, 9770, 9817, 9817, 9839, 9839, 9839, 9839, 9839, 10269, 10413, 10597, 22884, 23035, 23239, 23414, 27252, 51271, 54453, 55697, 55914, 63916, 83439"
"hsa-miR-142-3p","324, 406, 406, 406, 905, 1959, 2615, 3159, 3204, 3205, 3206, 3304, 3552, 4026, 5879, 5879, 7046, 8549, 8842, 8842, 9429, 9475, 23118, 25930"
"hsa-miR-142-5p","4780, 6935, 23411, 94241"
"hsa-miR-143-3p","207, 596, 596, 596, 596, 673, 688, 960, 1281, 1656, 1788, 1788, 2272, 3099, 3099, 3099, 3099, 3099, 3172, 3265, 3480, 3597, 3845, 3845, 3845, 3845, 3984, 4193, 4322, 4322, 4646, 4646, 5054, 5598, 5598, 5598, 5598, 5598, 5598, 5598, 5598, 5598, 5598, 5598, 5743, 5743, 6239, 6382, 6624, 7124, 7182, 50818, 64778, 346389"
"hsa-miR-143-5p","4513"
"hsa-miR-144-3p","1080, 2146, 2266, 2475, 4233, 4780, 4851, 4851, 5324, 5728, 7040, 7273"
"hsa-miR-145-5p","120, 164, 218, 251, 285, 664, 673, 688, 688, 865, 940, 960, 1000, 1019, 1021, 1021, 1080, 1289, 1490, 1500, 1644, 1656, 1871, 1956, 1977, 2034, 2078, 2099, 2113, 2313, 2313, 2313, 2764, 3066, 3456, 3480, 3480, 3480, 3611, 3667, 3667, 3667, 3667, 3667, 3667, 3696, 4088, 4088, 4193, 4232, 4312, 4321, 4323, 4521, 4582, 4582, 4582, 4609, 4609, 4609, 4644, 4646, 4697, 4739, 
4739, 4739, 4772, 4893, 4893, 5054, 5281, 5420, 5460, 5460, 5460, 5460, 5460, 5460, 5460, 5530, 5608, 6092, 6093, 6198, 6239, 6242, 6596, 6624, 6624, 6624, 6624, 6624, 6624, 6657, 6657, 6662, 6667, 6667, 6772, 6868, 6868, 7048, 7105, 7170, 7422, 7422, 7422, 7525, 7525, 8073, 8091, 8508, 8660, 8741, 9314, 9314, 9685, 10298, 10447, 10521, 10550, 11313, 23075, 23075, 30837, 50848, 
50848, 51107, 51280, 56674, 57016, 57447, 57522, 58489, 58527, 64419, 79885, 79923, 79960, 83881, 83999, 84984, 92675, 114609, 121340, 124808, 160140, 256987, 285386, 404636"
"hsa-miR-146a-5p","355, 355, 672, 672, 672, 675, 890, 959, 1843, 1956, 1956, 1956, 1956, 1956, 1956, 1994, 2066, 2066, 3075, 3075, 3236, 3383, 3576, 3654, 3654, 3654, 3654, 3654, 3654, 3654, 3654, 3654, 3654, 3654, 3654, 3654, 3654, 3654, 3656, 3897, 3918, 4087, 4089, 4089, 4089, 4089, 4089, 4513, 4790, 4790, 4790, 5036, 5581, 5743, 5879, 6093, 6352, 6387, 6590, 6606, 6772, 7097, 7099, 7189, 
7189, 7189, 7189, 7189, 7189, 7189, 7189, 7189, 7189, 7189, 7189, 7852, 8650, 8650, 8772, 9219, 10163, 10920, 11124, 26994, 29128, 29775, 29775, 80142, 80143, 246175"
"hsa-miR-146b-5p","3184, 3654, 3654, 3815, 4325, 4325, 4325, 4790, 5156, 7099, 7189, 29128"
"hsa-miR-147a","4172, 4697, 5684, 7422"
"hsa-miR-147b","1284, 4172, 4697, 6392, 7915, 51278"
"hsa-miR-148a-3p","90, 596, 864, 887, 887, 887, 994, 1027, 1786, 1786, 1786, 1786, 1786, 1789, 1901, 3135, 3667, 3678, 3696, 4087, 4233, 4316, 5054, 6093, 6093, 7375, 7410, 7480, 8856, 9252, 9935, 10018, 51014, 54206, 57326, 60436"
"hsa-miR-148b-3p","90, 214, 887, 887, 1435, 1435, 3135, 3678, 3678, 4893, 4893, 5290, 5290, 5564, 6093, 6093"
"hsa-miR-148b-5p","4170"
"hsa-miR-149-3p","207, 1869, 2260, 2817, 4605"
"hsa-miR-149-5p","2260, 2305, 2817, 3569, 4615, 5732, 6667, 6667, 27113, 28964, 57621"
"hsa-miR-150-3p","3480, 4602"
"hsa-miR-150-5p","332, 867, 1154, 1235, 1286, 1959, 1959, 2033, 2322, 4585, 4602, 4602, 4602, 4602, 4602, 4602, 4602, 4602, 4602, 4602, 4602, 4854, 5027, 5027, 6667, 6935, 6935, 7157, 7157, 7422, 7852, 80725"
"hsa-miR-151a-3p","898, 4916"
"hsa-miR-151a-5p","396, 396, 1876, 4352, 9683, 9683, 11141, 54897"
"hsa-miR-152-3p","595, 887, 977, 1435, 1786, 1786, 1786, 1786, 1786, 2247, 2261, 3135, 3480, 3667, 3678, 3845, 6868, 6868, 7039, 7471, 9314, 9935, 10460"
"hsa-miR-153-3p","596, 2308, 4170, 4170, 4780, 5728, 6615, 6615, 6622, 9839"
"hsa-miR-154-5p","894, 7097, 8091"
"hsa-miR-155-3p","5728, 11213"
"hsa-miR-155-5p","185, 185, 185, 185, 185, 185, 185, 302, 317, 324, 324, 324, 387, 571, 571, 571, 571, 571, 571, 595, 604, 860, 968, 1051, 1051, 1051, 1051, 1051, 1051, 1051, 1051, 1436, 1436, 1452, 1452, 1793, 1870, 1906, 1912, 2113, 2113, 2113, 2113, 2252, 2252, 2309, 2309, 2309, 2628, 2628, 2824, 2956, 3097, 3097, 3097, 3459, 3491, 3491, 3576, 3597, 3635, 3635, 3635, 3635, 3635, 3720, 
3720, 3720, 3720, 3725, 4086, 4087, 4087, 4087, 4090, 4090, 4090, 4204, 4204, 4205, 4211, 4286, 4292, 4292, 4294, 4294, 4294, 4325, 4436, 4601, 4602, 4602, 4603, 4603, 4609, 4615, 4638, 4651, 4677, 4824, 4846, 4973, 5062, 5101, 5295, 5569, 5573, 5586, 5888, 6386, 6400, 6497, 6497, 6597, 6688, 6688, 6688, 7013, 7068, 7091, 7386, 7428, 7465, 7547, 7547, 7576, 8301, 8651, 8651, 
8651, 8651, 8651, 8651, 8772, 9020, 9076, 9319, 9534, 9641, 9641, 9641, 9644, 9665, 9678, 9693, 9782, 9793, 9935, 10611, 11168, 22834, 22834, 22834, 22841, 22876, 22906, 22941, 23059, 23107, 23118, 23118, 23118, 23118, 23286, 23404, 23515, 23589, 23641, 25948, 26512, 26959, 26959, 27097, 27143, 27154, 29074, 29979, 51088, 51134, 51161, 51161, 53346, 54622, 54838, 54904, 55070, 55070, 
55208, 55379, 55540, 55553, 55791, 55796, 55818, 57019, 57020, 57533, 57579, 57616, 57617, 63891, 64398, 79048, 79665, 79685, 81619, 81856, 84071, 84433, 84515, 84930, 94241, 94241, 94241, 94241, 94241, 94241, 95681, 113612, 119504, 139231, 157769, 192670, 196528, 196528, 222484, 254251, 257144, 283635"
"hsa-miR-15a-5p","595, 595, 595, 596, 596, 596, 596, 596, 648, 672, 894, 898, 898, 898, 898, 993, 1147, 1182, 1399, 2252, 2308, 3159, 3304, 3458, 4330, 4602, 4602, 5813, 5979, 6660, 7157, 7351, 7422, 7422, 7422, 8091, 8434, 9314, 9988, 10000, 10413, 10498, 23239, 23705, 29803, 64061, 89780, 89780"
"hsa-miR-15b-5p","595, 596, 596, 898, 898, 1973, 2308, 2524, 3458, 3791, 5813, 6927, 7422, 8313, 8434, 8493, 57154"
"hsa-miR-16-1-3p","595, 898"
"hsa-miR-16-2-3p","5915"
"hsa-miR-16-5p","92, 332, 402, 595, 595, 595, 595, 595, 595, 596, 596, 596, 596, 596, 596, 596, 596, 596, 596, 596, 627, 648, 648, 672, 896, 898, 898, 898, 898, 1021, 1111, 1147, 2260, 2475, 3068, 3159, 3159, 3458, 3480, 3791, 3845, 4076, 4602, 5292, 5743, 5813, 5894, 6198, 6532, 6660, 7157, 7374, 7422, 7422, 7422, 7422, 7422, 7422, 7465, 7791, 8091, 8313, 8434, 8493, 8760, 9053, 9612, 
10000, 10413, 11108, 23705, 51673, 54361, 55553, 89780, 253260"
"hsa-miR-17-3p","2877, 3383, 3791, 6648, 7078, 7431, 7431, 10587, 51809"
"hsa-miR-17-5p","103, 351, 390, 595, 595, 596, 596, 650, 659, 659, 861, 894, 1026, 1026, 1026, 1026, 1026, 1026, 1026, 1026, 1191, 1786, 1869, 1869, 1869, 1869, 2034, 2115, 3091, 3091, 3316, 3696, 3716, 3949, 4089, 4193, 4209, 4313, 4609, 4863, 5311, 5601, 5601, 5728, 5728, 5728, 5728, 5728, 5728, 5728, 5728, 5800, 5925, 5933, 5934, 5934, 6346, 6774, 6774, 6929, 7048, 7078, 7107, 7422, 
7465, 7525, 7786, 8202, 8202, 8742, 8850, 9260, 9306, 9338, 9338, 10018, 10018, 10018, 11065, 23239, 26959, 51277, 55357, 57154, 57169, 57659, 64067, 64859, 79791, 79791, 94241, 94241, 140885"
"hsa-miR-181a-3p","79923"
"hsa-miR-181a-5p","196, 331, 472, 472, 472, 596, 596, 596, 596, 596, 596, 596, 1027, 1045, 1307, 1316, 1316, 1654, 1847, 1848, 1875, 2353, 2627, 3265, 3458, 3845, 4170, 4851, 5090, 5241, 5324, 5530, 5580, 5580, 5594, 5604, 5629, 5781, 5898, 5908, 6045, 6774, 7015, 7046, 7076, 7291, 8490, 8850, 8897, 9392, 9429, 9474, 10018, 10018, 11197, 23411, 23411, 26191, 27201, 28996, 51701, 54541, 118471, 
284390"
"hsa-miR-181b-5p","115, 331, 472, 596, 596, 596, 1045, 1385, 1540, 1869, 2353, 2627, 2891, 3480, 4170, 4294, 4774, 5090, 5324, 5604, 5908, 6045, 7078, 7078, 7078, 7447, 8115, 8850, 10736, 23411, 23492, 26524, 51014, 51701"
"hsa-miR-181c-5p","596, 659, 1045, 1808, 2627, 3558, 3845, 3845, 4204, 4855, 5908, 22903, 23321, 23411, 51701"
"hsa-miR-181d-5p","596, 596, 3265, 4255, 4255, 5908"
"hsa-miR-182-5p","112, 112, 466, 580, 596, 627, 894, 1027, 1385, 1540, 1831, 2254, 2295, 2308, 2309, 2309, 2932, 4089, 4286, 4286, 5216, 5728, 5884, 5916, 6591, 6604, 7057, 7158, 8434, 8434, 8434, 9575, 9586, 9788, 9788, 9788, 9788, 10211, 10397, 10752, 11200, 23314, 23705, 27250, 27250, 50863, 55294, 56849, 64101, 80328, 93550, 94241"
"hsa-miR-1826","1499, 1499, 5604, 5604, 7424"
"hsa-miR-183-5p","15, 648, 1958, 2308, 2308, 2932, 3418, 3688, 3796, 4040, 4089, 4783, 5516, 5524, 6591, 6935, 7430, 7430, 8945, 9590, 27122, 27250, 27250, 27250, 161882"
"hsa-miR-184","208, 596, 3636, 4609, 4773, 7430, 27161, 27161, 83595"
"hsa-miR-185-5p","239, 360, 367, 387, 545, 814, 949, 998, 1021, 1786, 1786, 1786, 1846, 2034, 2048, 2146, 3159, 3480, 4775, 4916, 6495, 6720, 6721, 7422, 23237, 23581, 51237, 55388"
"hsa-miR-186-5p","1457, 2308, 5027, 9232, 9590, 23385"
"hsa-miR-187-3p","7124, 10114, 80381"
"hsa-miR-188-3p","867"
"hsa-miR-18a-3p","3845"
"hsa-miR-18a-5p","472, 472, 472, 472, 596, 1490, 1490, 1786, 2099, 2099, 2099, 2213, 2908, 3298, 4087, 4088, 4089, 4739, 4756, 5728, 6385, 6789, 8600, 10017, 10401, 23097, 23239, 23405"
"hsa-miR-18b-5p","1490, 2099, 4087, 4193, 8456, 23112"
"hsa-miR-1908-5p","348, 55466"
"hsa-miR-190a-5p","2011, 3479, 23239, 23239, 56479"
"hsa-miR-190b","3479, 9107"
"hsa-miR-191-5p","894, 1021, 1051, 1958, 3340, 3552, 4194, 6304, 6304, 6304, 6567, 6659, 6659, 8531, 10106, 56262, 79905"
"hsa-miR-1915-3p","596"
"hsa-miR-192-5p","93, 214, 481, 596, 857, 2071, 2071, 2072, 3206, 3269, 4085, 5292, 5925, 5925, 6598, 8065, 8317, 9231, 9585, 10597, 23405, 29127, 51514, 55388, 65125, 79003, 84823, 84950, 151011"
"hsa-miR-193a-3p","1876, 2064, 4170, 4170, 4170, 4170, 8140, 118471, 118471"
"hsa-miR-193a-5p","2064, 7161"
"hsa-miR-193b-3p","595, 595, 1646, 2099, 2113, 3845, 4088, 4149, 4170, 4170, 4763, 5328, 5328, 6472, 7534, 118471"
"hsa-miR-194-5p","93, 648, 649, 1000, 1000, 1027, 1788, 1839, 2305, 3480, 3680, 5782, 5783, 5879, 6453, 6660, 8835, 9978, 83660"
"hsa-miR-195-5p","332, 402, 595, 595, 595, 595, 596, 596, 599, 860, 896, 896, 898, 898, 993, 998, 998, 1019, 1019, 1021, 1021, 1147, 1871, 1871, 2006, 2194, 3643, 4152, 4602, 5894, 5894, 5979, 6351, 6515, 7422, 7422, 7465, 7465, 7476, 8945, 22863, 23405, 29392, 51719, 55171, 257397, 100034701"
"hsa-miR-196a-5p","301, 571, 1027, 1027, 2308, 3159, 3162, 3202, 3204, 3204, 3217, 3218, 3218, 3218, 3218, 3218, 3224, 3224, 3224, 3224, 3224, 3224, 3234, 3234, 3852, 4046, 4792, 5962, 6280, 6702, 7298, 8091, 8828, 59277"
"hsa-miR-196b-5p","355, 925, 2114, 3205, 3205, 3217, 3218, 3224, 4211, 5962"
"hsa-miR-197-3p","3732, 4522, 5366, 11334, 55695, 90427"
"hsa-miR-198","904, 2260, 4233, 4826, 5087, 79444"
"hsa-miR-199a-3p","348, 858, 960, 2475, 2475, 2526, 3082, 3479, 4233, 4233, 5594, 5743, 6595, 6794, 11244, 55466"
"hsa-miR-199a-5p","91, 182, 348, 780, 857, 857, 960, 999, 1000, 1075, 1906, 2064, 2064, 2065, 2081, 2932, 3091, 3091, 3091, 3309, 3551, 3976, 4089, 4089, 4296, 4790, 5743, 5818, 6595, 6615, 6783, 7374, 7422, 7472, 8322, 8678, 8825, 9365, 9935, 22926, 22926, 23411, 23411, 27201, 27289, 55332, 55466, 65125, 94134, 113452"
"hsa-miR-199b-5p","182, 780, 2064, 2887, 3091, 3280, 3280, 3815, 3918, 5420, 6418, 29072, 51616, 51701, 57018"
"hsa-miR-19a-3p","19, 207, 207, 595, 659, 933, 1786, 1808, 2066, 2099, 3202, 3614, 3815, 4084, 4089, 4089, 4204, 4613, 4929, 5660, 5728, 5728, 5728, 5728, 5728, 5728, 5728, 5872, 6307, 6310, 7018, 7097, 7124, 7124, 8065, 8651, 8651, 9021, 9525, 10018, 10419, 23239, 23512, 51552, 57659, 79716"
"hsa-miR-19b-1-5p","595, 2263"
"hsa-miR-19b-3p","659, 1588, 1786, 2099, 4084, 4089, 4613, 5529, 5562, 5728, 5728, 5728, 5728, 6310, 7097, 7157, 8065, 8521, 8651, 10018, 10018, 10114, 29116, 204851"
"hsa-miR-200a-3p","374, 546, 989, 1021, 1432, 1499, 1499, 1499, 1749, 1786, 2146, 2885, 3077, 3215, 4087, 4088, 4602, 5728, 5789, 6464, 6722, 6935, 6935, 6935, 6935, 6935, 6935, 6935, 6935, 6935, 6935, 7019, 7157, 8314, 8462, 8487, 9134, 9770, 9817, 9839, 9839, 9839, 9839, 9839, 9839, 9839, 9839, 9839, 9839, 9839, 9839, 9839, 9839, 9839, 10395, 10413, 10597, 10810, 22884, 23414, 27252, 54332, 
54453, 55697, 55914, 63916, 83439, 84959"
"hsa-miR-200b-3p","331, 390, 390, 390, 473, 596, 648, 648, 685, 989, 1027, 1027, 1385, 1385, 1385, 1786, 1788, 1789, 1871, 1871, 2113, 2146, 2321, 2335, 2626, 3077, 3215, 3791, 3791, 4015, 4087, 4478, 4602, 4851, 4851, 5300, 5782, 5789, 5865, 5865, 6045, 6464, 6667, 6935, 6935, 6935, 6935, 6935, 6935, 6935, 6935, 6935, 6935, 6935, 6935, 7422, 7471, 8314, 8462, 9134, 9475, 9770, 9782, 9839, 
9839, 9839, 9839, 9839, 9839, 9839, 9839, 9839, 9839, 9839, 9839, 9839, 10395, 10484, 10810, 10979, 22884, 22931, 23011, 23011, 23239, 23414, 23414, 23512, 23512, 27252, 51715, 54453, 55074, 55278, 55697, 55914, 63916, 83439, 168400, 220988"
"hsa-miR-200c-3p","93, 331, 387, 390, 546, 596, 648, 648, 648, 648, 685, 687, 989, 1009, 1073, 1788, 1789, 1871, 1902, 1909, 1942, 2113, 2321, 2321, 2335, 2626, 3077, 3215, 3551, 3551, 3791, 3845, 4478, 4602, 4684, 4851, 4908, 4915, 5300, 5366, 5783, 5789, 6045, 6464, 6667, 6935, 6935, 6935, 6935, 6935, 6935, 6935, 6935, 6935, 6935, 6935, 6935, 6935, 6935, 6935, 6935, 6935, 6935, 6935, 6935, 
6935, 6935, 6935, 7077, 7422, 7422, 7764, 8314, 8462, 8487, 9134, 9475, 9770, 9839, 9839, 9839, 9839, 9839, 9839, 9839, 9839, 9839, 9839, 9839, 10381, 10381, 10381, 10381, 10395, 10484, 10516, 10516, 22884, 23414, 23512, 27252, 29110, 29117, 29761, 29979, 54206, 54453, 55697, 55758, 55914, 63916, 83439, 161882"
"hsa-miR-202-3p","2735, 3037, 4040, 4613, 26225"
"hsa-miR-203a-3p","25, 25, 25, 208, 332, 332, 332, 332, 472, 599, 599, 648, 648, 648, 857, 860, 1021, 1021, 1385, 1749, 1869, 1871, 1909, 2070, 3434, 3725, 3796, 3799, 3927, 3927, 3977, 4089, 4319, 4615, 5290, 5338, 5901, 5901, 5901, 6059, 6591, 6615, 6714, 6714, 7124, 7405, 7422, 7707, 8573, 8626, 8626, 8626, 9021, 9021, 9306, 9414, 9839, 11009, 50807, 54332, 65059, 79872"
"hsa-miR-204-5p","249, 329, 596, 596, 596, 596, 599, 627, 860, 998, 999, 1948, 2296, 3166, 3206, 3589, 3708, 4074, 4089, 4211, 4212, 4915, 4915, 5604, 6495, 6591, 6659, 6659, 6925, 6938, 6938, 7048, 7068, 7430, 7430, 7431, 8321, 8905, 9586, 9695, 10955, 10966, 10966, 23411, 25803, 27230, 50964, 55031, 57403, 57403, 57403, 64699, 79071, 80036, 81631, 88455"
"hsa-miR-205-5p","367, 596, 596, 604, 1490, 1869, 1869, 1869, 1875, 2064, 2065, 2065, 2065, 2065, 2065, 2104, 2180, 2182, 3149, 3491, 3636, 3678, 3766, 3915, 4035, 4086, 4089, 5469, 5469, 5728, 5728, 5728, 5797, 6714, 6935, 6935, 6935, 7161, 7422, 7422, 7422, 7525, 7528, 9235, 9839, 9839, 11009, 11009, 23035, 112398, 120892"
"hsa-miR-206","86, 595, 595, 894, 894, 1019, 2099, 2099, 2099, 2539, 2697, 2820, 3845, 4233, 4233, 4233, 4854, 5077, 5077, 5077, 5226, 6844, 6863, 7086, 7402, 10062, 11167"
"hsa-miR-208a-3p","1026, 2113, 9969, 55553"
"hsa-miR-208b-3p","1026"
"hsa-miR-20a-5p","27, 351, 351, 595, 595, 595, 596, 659, 663, 861, 894, 1026, 1026, 1026, 1026, 1786, 1844, 1869, 1869, 1869, 1869, 1869, 1869, 1959, 2034, 2115, 2697, 3091, 3091, 3660, 3696, 3815, 3984, 4092, 4170, 4209, 4217, 4609, 5310, 5468, 5592, 5606, 5728, 5813, 5925, 5933, 5934, 6774, 6774, 7048, 7048, 7251, 7422, 7465, 7786, 8490, 9338, 11065, 23035, 25805, 51232, 79791, 94134, 94241, 
112399, 140885"
"hsa-miR-20b-5p","672, 1026, 1026, 1948, 2050, 2099, 3091, 5468, 5601, 5728, 5728, 6774, 7422, 10114, 25805, 29116, 51232, 51742"
"hsa-miR-21-3p","4144, 27430"
"hsa-miR-21-5p","182, 182, 208, 317, 356, 356, 356, 356, 356, 356, 388, 388, 388, 388, 596, 596, 596, 596, 596, 596, 604, 659, 659, 659, 993, 1191, 1282, 1616, 1869, 1956, 1956, 1974, 2064, 2331, 2956, 3190, 3248, 3383, 3480, 3553, 3654, 4082, 4092, 4092, 4208, 4436, 4436, 4436, 4436, 4507, 4615, 4774, 4781, 4908, 5093, 5268, 5268, 5268, 5268, 5274, 5327, 5465, 5465, 5606, 5728, 5728, 
5728, 5728, 5728, 5728, 5728, 5728, 5728, 5728, 5728, 5728, 5728, 5728, 5728, 5728, 5728, 5728, 5728, 5728, 5728, 5728, 5728, 5728, 5728, 5728, 5728, 5728, 5728, 5728, 5728, 5728, 5728, 5728, 5728, 5728, 5728, 5728, 5728, 5728, 5978, 6010, 6201, 6304, 6364, 6597, 6606, 6649, 6660, 6667, 6774, 6943, 7045, 7048, 7048, 7048, 7048, 7048, 7049, 7050, 7074, 7074, 7078, 7078, 7078, 
7078, 7078, 7159, 7168, 7168, 7168, 7168, 7422, 7428, 7832, 7832, 7832, 7832, 8099, 8099, 8125, 8200, 8434, 8434, 8434, 8434, 8434, 8434, 8434, 8434, 8434, 8626, 8795, 8985, 9208, 9208, 9732, 10105, 10125, 10210, 10253, 10253, 10253, 10401, 10401, 10409, 11059, 11221, 22933, 23479, 27250, 27250, 27250, 27250, 27250, 27250, 27250, 27250, 27250, 27250, 27250, 27250, 27250, 27250, 27250, 
27250, 27250, 27250, 27250, 27250, 27250, 27250, 27250, 27250, 27250, 27250, 27250, 27250, 27250, 27250, 27250, 27250, 27250, 27250, 27250, 27250, 29072, 55432, 56889, 57142, 60674, 64151, 79139, 80005, 85440, 133746, 157567"
"hsa-miR-210-3p","627, 664, 1112, 1284, 1871, 1871, 1871, 1944, 1944, 1944, 1944, 1944, 3091, 3198, 3205, 3292, 3486, 3632, 3925, 3939, 3945, 4172, 4335, 4335, 4684, 4697, 4697, 4884, 5034, 5292, 5770, 5771, 5893, 6392, 6392, 6451, 7037, 7503, 7915, 9537, 9991, 9994, 23171, 23479, 23479, 23576, 27292, 30846, 50943, 53834, 53834, 56888, 64344, 81671, 81671, 132864, 150209, 150209"
"hsa-miR-211-5p","596, 1003, 1649, 3166, 3482, 3488, 3589, 3589, 3708, 3778, 4074, 5139, 5454, 5604, 6749, 6938, 7040, 7048, 8905, 9586, 9891, 10725, 10955, 57403, 57403, 79071"
"hsa-miR-212-3p","43, 890, 891, 3759, 4204, 4609, 5727, 5727, 5925, 5948, 5948, 6648, 7082, 8682, 51135"
"hsa-miR-214-3p","182, 468, 581, 599, 1021, 1499, 1499, 2146, 2146, 2146, 2146, 2146, 2260, 2260, 2936, 3068, 4057, 4893, 5069, 5364, 5447, 5458, 5594, 5599, 5606, 5716, 5728, 5728, 5728, 5728, 5728, 5728, 6352, 7157, 7157, 7291, 7329, 7494, 9444, 10018, 11178, 23380, 23705, 29126, 51147, 51809, 55723, 57522, 115701, 376267"
"hsa-miR-215-5p","93, 214, 5925, 9839, 11122, 56998, 65125"
"hsa-miR-216a-5p","960, 998, 3172, 4092, 5728, 5728, 8678"
"hsa-miR-216b-5p","1457, 3845, 8678"
"hsa-miR-217","1602, 1871, 2146, 2262, 2272, 2309, 3845, 4092, 4929, 5728, 5728, 6091, 23411, 23411"
"hsa-miR-218-2-3p","6586"
"hsa-miR-218-5p","332, 648, 648, 860, 1000, 1021, 1956, 2697, 2736, 3146, 3213, 3551, 3914, 3914, 3914, 3927, 3927, 4286, 5156, 5979, 6091, 6091, 6423, 6423, 6423, 6455, 6667, 7031, 10140, 27123, 27123, 50964, 50964, 51176, 56957, 81552, 81552, 253260, 253260"
"hsa-miR-219a-5p","818, 1956, 2719"
"hsa-miR-22-3p","627, 654, 655, 655, 658, 682, 694, 977, 1026, 1436, 2065, 2099, 2099, 3091, 3146, 3358, 3491, 3663, 3956, 4128, 5465, 5465, 5728, 5763, 5997, 5997, 6667, 6667, 7037, 7074, 7471, 8648, 9338, 9759, 9759, 10013, 10092, 10276, 23186, 26292, 54790, 54790"
"hsa-miR-221-3p","301, 317, 405, 664, 665, 861, 1027, 1027, 1027, 1027, 1027, 1027, 1027, 1027, 1027, 1027, 1027, 1027, 1027, 1027, 1027, 1027, 1027, 1027, 1027, 1027, 1027, 1027, 1028, 1028, 1028, 1028, 1028, 1856, 2099, 2113, 2309, 2332, 2353, 2353, 2697, 3215, 3383, 3815, 3815, 3815, 3815, 3815, 3815, 3815, 3815, 4193, 4223, 4255, 4313, 4603, 4671, 5058, 5295, 5728, 5728, 5728, 5728, 5861, 
5888, 5925, 6776, 7078, 7078, 7078, 7227, 7465, 8434, 8651, 8743, 8759, 9021, 9077, 9077, 9338, 9839, 10664, 11151, 23405, 27113, 27113, 27113, 27123, 29110, 29956, 51014, 51014, 54541, 58487, 90427, 117178, 136991, 143279, 148022"
"hsa-miR-221-5p","8932"
"hsa-miR-222-3p","1027, 1027, 1027, 1027, 1027, 1027, 1027, 1027, 1027, 1027, 1027, 1027, 1027, 1027, 1027, 1027, 1028, 1028, 1028, 2099, 2099, 2113, 2113, 2113, 2309, 2353, 2353, 2697, 3815, 3815, 3815, 3815, 3815, 3815, 4255, 4312, 5520, 5520, 5728, 5728, 5728, 5728, 5728, 6648, 6776, 6776, 7078, 7078, 7078, 7227, 8434, 8743, 8759, 9077, 9338, 9686, 11151, 23405, 27113, 27113, 27113, 27113, 
27123, 29956, 51014, 51014, 117178"
"hsa-miR-223-3p","142, 388, 388, 472, 639, 949, 996, 1017, 1080, 1147, 1528, 1869, 1894, 2308, 2308, 2309, 2920, 3480, 3480, 3480, 3480, 3569, 3925, 3925, 3925, 3976, 4005, 4005, 4076, 4208, 4774, 4774, 4784, 5080, 5243, 6348, 6517, 6667, 6670, 6776, 6886, 7184, 9048, 9760, 10498, 10622, 23136, 55294, 55294, 55294, 55294, 58155"
"hsa-miR-224-5p","596, 998, 998, 1173, 1733, 1808, 1909, 2070, 3236, 3845, 4089, 4089, 5037, 5037, 5062, 5345, 5655, 5806, 7163, 7852, 8539, 8932, 9338, 10221, 23239"
"hsa-miR-23a-3p","317, 317, 355, 999, 1902, 2189, 2309, 2309, 2538, 3148, 3151, 3214, 3280, 3280, 3570, 3576, 3659, 3916, 3939, 3945, 4502, 4619, 4620, 4622, 5458, 5458, 5529, 5728, 5728, 5728, 5781, 6387, 7150, 7150, 10253, 10783, 10891, 51274"
"hsa-miR-23b-3p","760, 860, 1147, 2113, 3148, 4082, 4233, 4851, 4853, 5328, 5328, 5567, 5567, 5728, 6714, 6935, 7428, 8091, 9140, 9140, 22800, 23118, 118471, 257397, 285194"
"hsa-miR-23b-5p","5625"
"hsa-miR-24-1-5p","2305, 114798"
"hsa-miR-24-2-5p","596, 10253"
"hsa-miR-24-3p","91, 331, 595, 672, 672, 890, 983, 1019, 1027, 1027, 1029, 1111, 1432, 1585, 1719, 1870, 1968, 2237, 2261, 3014, 3014, 3162, 3172, 3172, 3340, 3458, 3466, 3638, 3939, 3945, 4221, 4293, 4323, 4601, 4609, 4846, 4851, 5045, 5045, 5111, 5424, 5660, 5780, 5792, 6279, 7040, 7764, 8445, 8675, 9191, 9212, 9644, 9761, 9935, 10018, 10298, 10460, 10534, 10555, 11124, 11151, 23385, 51014, 
54361, 54879, 57158, 57761, 83998, 84986, 373863, 573971"
"hsa-miR-25-3p","488, 999, 1028, 1824, 2064, 2146, 4092, 4092, 4193, 5728, 5980, 7157, 8434, 8850, 9314, 9338, 9464, 10018, 10018, 10018, 10018, 10344, 10419, 10785, 26524, 55294"
"hsa-miR-26a-5p","19, 90, 472, 894, 898, 1021, 1105, 1111, 1164, 1789, 2099, 2146, 2146, 2146, 2146, 2146, 2146, 2146, 2146, 2254, 2932, 2932, 3082, 3159, 3159, 3159, 3159, 3456, 3569, 4086, 4086, 4086, 4086, 4086, 4086, 4089, 4089, 4170, 4843, 5245, 5286, 5324, 5580, 5728, 5728, 5728, 5728, 5728, 5925, 5925, 6868, 6996, 7465, 8091, 8091, 8091, 8091, 9134, 9530, 10123, 10746, 22849, 23318, 
23600, 26135, 54332, 54790, 55213, 80315, 92140, 132864, 389421"
"hsa-miR-26b-5p","19, 898, 1021, 1969, 2146, 2626, 3480, 5728, 5728, 5743, 5743, 5925, 7182, 8239, 10123, 10135, 10454, 26973"
"hsa-miR-27a-3p","19, 19, 324, 324, 595, 1806, 1956, 1956, 2308, 2308, 2308, 2624, 2885, 3206, 3458, 3466, 3479, 3845, 3949, 4233, 4661, 4780, 5077, 5245, 5245, 5245, 5294, 5468, 5660, 6416, 6667, 6667, 6667, 6670, 6670, 6671, 6671, 7068, 7465, 7534, 8482, 10253, 10253, 10253, 23047, 23657, 28996, 55294, 57556, 65986, 65986, 65986, 79084"
"hsa-miR-27a-5p","4601"
"hsa-miR-27b-3p","19, 136, 890, 904, 1385, 1545, 1545, 1576, 1806, 1909, 2070, 4322, 4851, 5077, 5081, 5245, 5468, 5468, 5660, 5979, 6464, 6768, 7057, 7058, 7421, 7421, 7424, 7465, 8570, 56947, 57556, 57556"
"hsa-miR-28-5p","573, 1026, 1876, 4085, 4352, 5594, 5908, 9683, 55611, 113419"
"hsa-miR-296-3p","3383, 3756"
"hsa-miR-296-5p","1044, 5300, 5300, 5300, 9146, 9641, 23513, 27113, 65266"
"hsa-miR-297","1716"
"hsa-miR-298","581, 1026, 23621"
"hsa-miR-299-3p","2395"
"hsa-miR-299-5p","1026, 6696"
"hsa-miR-29a-3p","25, 208, 208, 595, 596, 799, 871, 871, 894, 894, 905, 998, 998, 998, 1017, 1017, 1019, 1021, 1021, 1021, 1021, 1021, 1021, 1281, 1282, 1282, 1284, 1284, 1290, 1300, 1786, 1788, 1788, 1789, 1789, 2200, 2243, 2244, 2266, 2309, 2752, 3479, 3655, 3918, 4015, 4023, 4170, 4170, 4170, 4170, 4313, 4313, 4313, 4613, 4613, 4678, 4678, 4680, 4774, 5159, 5187, 5272, 5295, 5728, 5728, 
5728, 6041, 6285, 6423, 6678, 6678, 6678, 6996, 6996, 7128, 7416, 7422, 7538, 7538, 7837, 8317, 8493, 9314, 9314, 9618, 22801, 22849, 22918, 22943, 23368, 23380, 23405, 23621, 26959, 54329, 54790, 55128, 56999, 79412, 80312, 80312, 80315, 80381, 89795, 89958, 200424"
"hsa-miR-29b-3p","208, 596, 596, 649, 649, 871, 894, 998, 998, 1021, 1021, 1021, 1277, 1277, 1277, 1277, 1277, 1277, 1281, 1281, 1282, 1282, 1284, 1290, 1300, 1786, 1788, 1788, 1788, 1788, 1788, 1788, 1788, 1789, 1789, 1789, 1789, 1789, 1789, 1844, 2099, 2200, 2243, 2244, 2266, 2353, 2625, 2896, 2932, 3458, 3655, 3655, 3688, 3918, 4015, 4015, 4017, 4170, 4170, 4170, 4170, 4170, 4170, 4170, 
4170, 4313, 4313, 4313, 4313, 4313, 4313, 4313, 4318, 4324, 4613, 4678, 4811, 5154, 5155, 5156, 5159, 5159, 5187, 5294, 5295, 5728, 5728, 6285, 6421, 6667, 6667, 6667, 6667, 6667, 6678, 6996, 7040, 7042, 7042, 7043, 7422, 8038, 8038, 8091, 8115, 8115, 8202, 9235, 9759, 10893, 23368, 23621, 28511, 30009, 30062, 50509, 51129, 51726, 54790, 56034, 56998, 80312, 80312, 84171, 333929
"
"hsa-miR-29c-3p","208, 596, 596, 871, 894, 998, 998, 1021, 1277, 1278, 1281, 1281, 1282, 1282, 1284, 1284, 1290, 1294, 1300, 1306, 1500, 1788, 1788, 1788, 1788, 1789, 2200, 2200, 2243, 2244, 3484, 3655, 3915, 3918, 4015, 4170, 4170, 4170, 4170, 4313, 4313, 4313, 4313, 4324, 4613, 5159, 5187, 5728, 6678, 6678, 6996, 6996, 7022, 7074, 10772, 10893, 23368, 23411, 23621, 29126, 54361, 54790, 55920, 
81578"
"hsa-miR-300","648, 7291, 7291"
"hsa-miR-301a-3p","864, 4089, 4223, 4223, 5054, 5728, 10018, 55922"
"hsa-miR-301b-3p","8626"
"hsa-miR-302a-3p","207, 595, 595, 648, 983, 1017, 1019, 1026, 7026, 7044, 8932, 9802, 10637, 10766, 79923, 122060"
"hsa-miR-302b-3p","207, 208, 389, 648, 894, 1956, 2066, 7048, 9759"
"hsa-miR-302c-3p","207, 595, 659, 2099, 100507436"
"hsa-miR-302d-3p","207, 894, 1017, 2066, 4929, 7044, 7227, 7422, 10150, 10637, 51621"
"hsa-miR-30a-3p","1021, 3491, 4204, 7057, 9057, 23670, 55591"
"hsa-miR-30a-5p","25, 607, 627, 639, 860, 860, 989, 999, 2078, 2100, 2139, 2297, 3309, 4086, 4267, 4760, 4851, 4851, 5293, 6615, 6615, 6615, 6659, 7157, 7431, 8678, 10383, 27327, 51514, 53335, 57099, 92140"
"hsa-miR-30b-3p","6097"
"hsa-miR-30b-5p","596, 604, 607, 847, 860, 1786, 2078, 4086, 4851, 5054, 5159, 6495, 6615, 7157, 8651, 8678, 9134, 9140, 54567"
"hsa-miR-30c-1-3p","79618"
"hsa-miR-30c-2-3p","607"
"hsa-miR-30c-5p","607, 836, 860, 894, 3308, 3417, 3589, 4086, 4547, 4851, 4851, 5054, 5756, 5915, 6591, 6615, 7157, 7329, 7431, 9112, 9112, 9112, 9612, 9759, 54541, 54567, 60436, 222546"
"hsa-miR-30d-5p","607, 665, 836, 860, 2146, 2771, 3837, 4086, 4851, 6615, 7157, 7157, 8651, 8678, 9140, 9474, 27201, 55102"
"hsa-miR-30e-3p","4792"
"hsa-miR-30e-5p","648, 4547, 4605, 4851, 6615, 7157, 7329"
"hsa-miR-31-3p","387"
"hsa-miR-31-5p","387, 387, 387, 846, 983, 1756, 3678, 4171, 4233, 4233, 4233, 4292, 4325, 5520, 5581, 5873, 5921, 5962, 5962, 6401, 6714, 6915, 7074, 7976, 8289, 8804, 9448, 9886, 10810, 22943, 23164, 23314, 23314, 23314, 23457, 26524, 50943, 55662, 56946, 83931, 121340, 147906"
"hsa-miR-32-5p","4193, 5728, 5728, 5980, 7187, 7248, 8850, 10018, 10018, 10419, 85414"
"hsa-miR-320a","358, 361, 375, 648, 661, 2770, 3480, 3690, 4170, 4170, 4775, 4881, 5594, 5728, 5879, 7037, 7037, 7037, 7224, 8829, 54971, 126393"
"hsa-miR-320c","2770, 6599"
"hsa-miR-320d","2770, 23543"
"hsa-miR-323b-5p","2064"
"hsa-miR-324-3p","1387, 1856, 7482, 7484"
"hsa-miR-324-5p","2735, 2735, 6608, 6608"
"hsa-miR-326","928, 2735, 4437, 4851, 4853, 5315, 6608, 6608, 6608, 28987, 29126"
"hsa-miR-328-3p","960, 960, 3014, 4325, 5795, 6422, 9429, 9429, 9429, 23621"
"hsa-miR-329-3p","1869, 4162, 7074, 23028"
"hsa-miR-330-3p","960, 998, 998, 1869, 6456, 6667"
"hsa-miR-331-3p","1869, 2064, 2064, 2064, 2272, 8828, 23239, 83475, 100124700"
"hsa-miR-335-5p","332, 599, 599, 672, 860, 3170, 3371, 3400, 3480, 4609, 5460, 5594, 5799, 5921, 5925, 5925, 6093, 6659, 6667, 7032, 9839, 10461, 22905, 23500, 56776, 64321, 91010, 116844"
"hsa-miR-337-3p","1457, 5906, 6774"
"hsa-miR-338-3p","595, 595, 4130, 4318, 4857, 6608, 6608, 6608, 8829, 9839, 10472, 55585, 80243, 80243, 117178, 153090, 346389, 100137049"
"hsa-miR-339-5p","604, 7803, 23621"
"hsa-miR-33a-5p","19, 19, 19, 4609, 4802, 4864, 4864, 5292, 5465, 5744, 6667, 6714, 6720, 7291, 8061, 8091, 8202, 8647, 8660, 54677"
"hsa-miR-33b-5p","19, 596, 1385, 2538, 5105, 5292, 6095, 6714"
"hsa-miR-340-5p","387, 3181, 3845, 4204, 4233, 5725, 6093, 6657"
"hsa-miR-342-3p","655, 1786, 3400, 6720, 6721, 50628"
"hsa-miR-345-5p","1026, 4363"
"hsa-miR-346","695, 2932, 3976, 6890, 7538, 30008"
"hsa-miR-34a-3p","331, 1499, 8313"
"hsa-miR-34a-5p","182, 182, 182, 332, 332, 367, 397, 558, 558, 595, 595, 595, 596, 596, 596, 596, 596, 596, 596, 596, 596, 596, 655, 960, 960, 1019, 1019, 1019, 1021, 1021, 1021, 1021, 1021, 1021, 1021, 1031, 1436, 1536, 1716, 1871, 1871, 1871, 1871, 1871, 1871, 2044, 2180, 2182, 2530, 2619, 2917, 3065, 3065, 3172, 3172, 3172, 3456, 3570, 3612, 3615, 3625, 3756, 3815, 3897, 3939, 4101, 
4102, 4105, 4111, 4194, 4194, 4233, 4233, 4233, 4233, 4233, 4233, 4233, 4233, 4233, 4233, 4602, 4609, 4609, 4609, 4609, 4613, 4613, 4613, 4613, 4613, 4851, 4851, 4851, 4851, 4851, 4851, 4851, 4851, 4851, 4851, 4851, 4853, 4853, 5094, 5156, 5156, 5156, 5159, 5159, 5460, 5514, 5604, 6367, 6615, 6657, 6714, 6714, 6804, 6844, 6857, 7471, 7471, 7528, 7528, 7528, 7535, 8061, 8061, 
8313, 9134, 9134, 9219, 9314, 9682, 10135, 23411, 23411, 23411, 23411, 23411, 23411, 23411, 23411, 23411, 27086, 27086, 28514, 28514, 28514, 28514, 51176, 51547, 51809, 79923, 80328, 152831, 253260, 100124700, 100133941"
"hsa-miR-34b-3p","182, 595, 596, 1019, 1021, 1385, 3570, 3708, 4233, 4233, 4609, 4609, 4613, 4851, 4851, 5604, 6615, 6657, 6916, 7528, 7535, 51809, 79923"
"hsa-miR-34b-5p","596, 1019, 1021, 1385, 1385, 1499, 3172, 4233, 4609, 7048, 8313, 9134, 29126"
"hsa-miR-34c-3p","1499, 8313, 51176"
"hsa-miR-34c-5p","596, 596, 860, 1019, 1019, 1871, 1871, 1871, 3172, 3172, 3570, 3708, 4137, 4150, 4233, 4233, 4233, 4233, 4233, 4609, 4609, 4613, 4851, 4851, 4855, 5156, 5159, 5604, 5916, 6615, 6657, 7374, 7528, 7535, 8061, 9134, 26986, 51809, 55591, 79923, 80328, 90427"
"hsa-miR-361-5p","6778, 7422, 7422, 7422, 27044"
"hsa-miR-362-3p","1869, 3732, 5770, 7392"
"hsa-miR-362-5p","1540"
"hsa-miR-363-3p","836, 1026, 1901, 3096, 10018, 10630"
"hsa-miR-363-5p","29126"
"hsa-miR-365a-3p","90, 581, 595, 595, 595, 596, 596, 993, 3569, 3845, 5080, 6464"
"hsa-miR-369-5p","1788, 1789, 2167"
"hsa-miR-370-3p","1326, 1374, 2305, 2305, 2305, 2308, 2308, 4255, 4763, 7048, 9338, 79727"
"hsa-miR-371a-3p","22943"
"hsa-miR-371a-5p","8899"
"hsa-miR-372-3p","389, 694, 1017, 1017, 1026, 1026, 2066, 4781, 4929, 7048, 7048, 7126, 7227, 7422, 8900, 10150, 10637, 22943, 26524, 26524, 26524, 26524, 26524, 29028, 51621"
"hsa-miR-373-3p","694, 960, 960, 2475, 4609, 4781, 5887, 5893, 7044, 7048, 7126, 7422, 8434, 8932, 9135, 10628, 10637, 11186, 22943, 23411, 26524, 26524, 26524, 26524"
"hsa-miR-374a-5p","472, 1051, 1647, 7474, 11197, 23405, 80725"
"hsa-miR-374b-5p","8434"
"hsa-miR-375","387, 708, 1326, 1678, 1678, 1996, 2064, 3480, 3717, 3717, 3717, 3717, 3785, 3945, 3945, 5163, 5163, 5163, 5163, 5290, 5324, 6667, 6667, 7157, 7398, 7534, 7534, 8325, 8325, 10413, 10413, 23239, 51655, 55249, 57650, 79602, 92140, 92140, 136319"
"hsa-miR-376a-3p","1017, 3480, 5295, 6566, 7272, 9295, 27161, 56955, 84938"
"hsa-miR-376a-5p","267, 5911, 6566, 7272, 9295"
"hsa-miR-376b-3p","8678, 84938"
"hsa-miR-376c-3p","2885, 3480, 7039, 7046, 130399, 130399"
"hsa-miR-377-3p","5058, 6647, 6648"
"hsa-miR-378a-3p","1021, 1588, 2885, 2885, 3480, 4609, 5594, 7422, 7431, 7431, 8844, 9242, 10766, 11334, 51684, 51809, 255743"
"hsa-miR-378a-5p","4838, 11334, 51684"
"hsa-miR-379-5p","3589"
"hsa-miR-380-5p","29126"
"hsa-miR-381-3p","3397, 7465, 23158"
"hsa-miR-382-5p","1812, 4774, 5728"
"hsa-miR-383-5p","595, 595, 1733, 3480, 3659, 5514, 7422, 10935"
"hsa-miR-3928-3p","23405"
"hsa-miR-409-3p","283, 2244, 3458, 4233, 5962, 55274"
"hsa-miR-410-3p","4193, 4233"
"hsa-miR-421","472, 472, 472, 836, 4089, 4303, 23492, 494115"
"hsa-miR-422a","1581"
"hsa-miR-423-3p","1026"
"hsa-miR-423-5p","7031"
"hsa-miR-424-3p","3958"
"hsa-miR-424-5p","595, 595, 896, 898, 898, 898, 899, 993, 1021, 1045, 1111, 1111, 2194, 2247, 2260, 2260, 2260, 3091, 4602, 4602, 4774, 5324, 5604, 5604, 5727, 6477, 6688, 7465, 7465, 8453, 8556, 9306, 9493, 22926, 54443"
"hsa-miR-425-5p","595, 2261, 5728, 7068, 9935, 10460"
"hsa-miR-429","331, 473, 596, 989, 1786, 2146, 3215, 4602, 4609, 5728, 5789, 5928, 6464, 6657, 6935, 6935, 6935, 7077, 8314, 8462, 9480, 9770, 9839, 9839, 9839, 10810, 11228, 22884, 23414, 26578, 27252, 54453, 55697, 55914, 63916, 83439"
"hsa-miR-431-5p","83999"
"hsa-miR-432-5p","103, 4204, 10763, 23186"
"hsa-miR-433-3p","860, 1080, 2634, 2885, 3845, 7298, 26281, 51582"
"hsa-miR-4437","6623"
"hsa-miR-4448","55704"
"hsa-miR-448","596, 3708, 5604, 6304"
"hsa-miR-449a","595, 595, 596, 596, 596, 596, 993, 993, 1019, 1021, 1021, 1021, 1871, 1871, 3065, 3065, 3172, 3172, 3708, 4233, 4233, 4851, 4851, 5604, 8839, 9134, 23411, 51053, 51176"
"hsa-miR-449b-5p","993, 1021, 3065, 4233, 9134, 23411, 51053"
"hsa-miR-449c-5p","4609"
"hsa-miR-450a-1-3p","699"
"hsa-miR-450a-5p","3190"
"hsa-miR-4516","6774"
"hsa-miR-451a","207, 596, 3551, 3570, 4282, 4282, 4313, 4318, 4609, 4609, 5243, 5868, 5868, 8895, 8895, 51014, 51552, 51719, 51719, 51719, 131566"
"hsa-miR-452-5p","648, 1027, 1808, 3845, 6925, 7068, 51176"
"hsa-miR-454-3p","4089"
"hsa-miR-455-3p","4582"
"hsa-miR-455-5p","23385"
"hsa-miR-4674","6623"
"hsa-miR-4722-5p","6623"
"hsa-miR-4723-5p","25"
"hsa-miR-4782-3p","331, 9097, 9839"
"hsa-miR-483-3p","1019, 3479, 4089, 5923, 27113, 56288"
"hsa-miR-483-5p","214, 5595, 6722, 64760"
"hsa-miR-484","51024"
"hsa-miR-485-3p","4143, 4801, 4916, 30061"
"hsa-miR-485-5p","64344, 116519"
"hsa-miR-486-3p","53335"
"hsa-miR-486-5p","394, 1795, 3480, 10562"
"hsa-miR-487a-3p","9429"
"hsa-miR-487b-3p","648, 3845, 4609, 7474, 9863, 23512"
"hsa-miR-488-3p","5443, 64116"
"hsa-miR-488-5p","367"
"hsa-miR-489-3p","5781"
"hsa-miR-490-3p","595, 5069, 6602, 51614"
"hsa-miR-490-5p","2353"
"hsa-miR-491-5p","598, 598, 4088, 4313, 4318, 4318, 7157, 28964"
"hsa-miR-492","5728"
"hsa-miR-493-3p","389, 5609, 8322"
"hsa-miR-494-3p","394, 406, 467, 573, 596, 648, 1021, 1080, 1811, 2923, 3708, 4163, 4609, 5604, 5627, 5728, 5728, 5887, 6382, 6935, 7019, 7852, 10018, 10492, 22887, 220988"
"hsa-miR-495-3p","538, 648, 4143, 4211, 5090, 6662, 10879, 11156, 23158, 57504"
"hsa-miR-497-5p","332, 596, 860, 896, 898, 898, 993, 1019, 1111, 1977, 3068, 3480, 3480, 3480, 5604, 5894, 7465, 7476, 8945, 23405, 57154, 100034701"
"hsa-miR-498","2064, 3846, 7015, 23543"
"hsa-miR-499a-5p","2113, 4303, 27250, 55553"
"hsa-miR-500a-5p","1540, 8887, 56957"
"hsa-miR-501-5p","10542"
"hsa-miR-502-5p","7186, 81876, 387893"
"hsa-miR-503-5p","595, 595, 595, 596, 896, 898, 899, 958, 993, 1026, 1111, 2175, 2247, 2247, 2253, 2260, 3480, 3551, 5295, 7422, 7465, 8556, 8792, 9134, 22926, 26523, 54443, 55294, 128272"
"hsa-miR-504-5p","1812, 7031, 7157, 7422"
"hsa-miR-505-3p","6426"
"hsa-miR-506-3p","977, 1019, 1021, 2395, 6591, 6591, 6615, 7431, 10413"
"hsa-miR-508-5p","5243, 30834"
"hsa-miR-509-3p","1080, 4916, 4916"
"hsa-miR-510-5p","5052, 25803, 285242"
"hsa-miR-511-5p","28951"
"hsa-miR-512-5p","4170"
"hsa-miR-513a-3p","2950, 3973"
"hsa-miR-513a-5p","1810, 10950, 29126, 51764"
"hsa-miR-513b-5p","1810, 3149, 10950, 51764"
"hsa-miR-513c-5p","1810, 10950, 51764"
"hsa-miR-515-3p","1026"
"hsa-miR-516a-3p","23213"
"hsa-miR-517a-3p","2185, 10318"
"hsa-miR-517c-3p","2185"
"hsa-miR-518a-3p","1235"
"hsa-miR-518a-5p","4170"
"hsa-miR-518b","5908, 8456"
"hsa-miR-518c-3p","3292"
"hsa-miR-518d-3p","5464"
"hsa-miR-519a-3p","1026, 1026, 1994, 5728, 5728, 5925, 7076, 7525, 23405"
"hsa-miR-519b-3p","1026, 1994"
"hsa-miR-519c-3p","1026, 1994, 3091, 5728, 7077, 9429, 9429, 9429"
"hsa-miR-519d-3p","1026, 1026, 4288, 5465, 5728, 7077, 10000"
"hsa-miR-519e-3p","1026"
"hsa-miR-520a-3p","1026, 5214"
"hsa-miR-520b","595, 1026, 3576, 4179, 5214, 10542, 10746, 100507436"
"hsa-miR-520c-3p","351, 960, 960, 1981, 2475, 2719, 2719, 23411, 100507436"
"hsa-miR-520d-3p","1969"
"hsa-miR-520e","4179, 5214, 9020, 9448"
"hsa-miR-520g-3p","4092, 7422"
"hsa-miR-520h","1026, 3065, 7422, 9429, 9429, 9429"
"hsa-miR-521","1161"
"hsa-miR-522-3p","2395"
"hsa-miR-524-5p","182, 1017, 3280, 7272, 7465"
"hsa-miR-525-3p","408, 2098, 9360, 55893"
"hsa-miR-539-5p","6935, 7291"
"hsa-miR-541-3p","2064"
"hsa-miR-542-3p","285, 332, 655, 3611, 6228, 92140"
"hsa-miR-542-5p","1956"
"hsa-miR-543","5747, 7291, 7291"
"hsa-miR-544a","648, 999"
"hsa-miR-545-3p","1019, 6591"
"hsa-miR-548b-3p","891"
"hsa-miR-548d-3p","2064"
"hsa-miR-548d-5p","5465"
"hsa-miR-548m","10013"
"hsa-miR-550a-5p","80315"
"hsa-miR-551a","11156"
"hsa-miR-552-3p","2064"
"hsa-miR-558","5743"
"hsa-miR-559","2064, 2395, 9112"
"hsa-miR-561-3p","190"
"hsa-miR-562","2138"
"hsa-miR-569","6688"
"hsa-miR-570-3p","29126"
"hsa-miR-572","1026"
"hsa-miR-573","4162, 10103, 23092"
"hsa-miR-574-3p","1956, 2033, 5879, 6256, 8453"
"hsa-miR-574-5p","1112"
"hsa-miR-5787","2001"
"hsa-miR-580-3p","7291"
"hsa-miR-581","9695, 23405"
"hsa-miR-582-5p","836, 842, 1948, 4170"
"hsa-miR-584-5p","6093"
"hsa-miR-589-5p","2395, 5743"
"hsa-miR-590-5p","7048, 10752"
"hsa-miR-591","6935"
"hsa-miR-593-3p","29126"
"hsa-miR-593-5p","5347"
"hsa-miR-595","50855"
"hsa-miR-596","3959"
"hsa-miR-601","29126"
"hsa-miR-603","595, 894, 10597"
"hsa-miR-605-5p","4193, 5716, 7157, 9871"
"hsa-miR-608","960, 998, 114907"
"hsa-miR-610","7408"
"hsa-miR-612","208"
"hsa-miR-613","19, 10062, 10062, 10062"
"hsa-miR-615-3p","84458"
"hsa-miR-615-5p","3481"
"hsa-miR-616-3p","5444, 7980"
"hsa-miR-620","2395"
"hsa-miR-622","3845"
"hsa-miR-624-3p","2395"
"hsa-miR-625-5p","2272, 3611, 4916, 6657"
"hsa-miR-627-5p","55818"
"hsa-miR-629-5p","3172"
"hsa-miR-630","596, 599, 3480, 3480, 6591, 6591, 10413"
"hsa-miR-631","6817"
"hsa-miR-632","9588"
"hsa-miR-633","7040"
"hsa-miR-634","3491"
"hsa-miR-636","292"
"hsa-miR-637","121340"
"hsa-miR-638","6657, 6668, 127700"
"hsa-miR-639","1026, 2296"
"hsa-miR-641","6616"
"hsa-miR-642a-5p","83475"
"hsa-miR-644a","60, 2597"
"hsa-miR-645","3433"
"hsa-miR-646","28987"
"hsa-miR-648","4255"
"hsa-miR-650","51147, 51147, 57447"
"hsa-miR-654-3p","1026"
"hsa-miR-655-3p","6935, 7048, 9232, 9863"
"hsa-miR-656-3p","657"
"hsa-miR-657","1026, 3482, 7088"
"hsa-miR-659-3p","2896"
"hsa-miR-661","4170, 4193, 4194, 4255, 9112"
"hsa-miR-662","3621"
"hsa-miR-663a","324, 983, 1917, 3265, 3339, 3726, 3726, 3727, 5293, 7040, 9338, 10398"
"hsa-miR-664a-3p","4143"
"hsa-miR-665","1269, 29126"
"hsa-miR-671-5p","1038"
"hsa-miR-675-3p","4086, 4090"
"hsa-miR-675-5p","861, 990, 4286, 5925, 7045, 23420, 83698"
"hsa-miR-7-5p","331, 596, 898, 1956, 1956, 1956, 1956, 1956, 1956, 1956, 1956, 1956, 1956, 1956, 3070, 3213, 3215, 3480, 3480, 3667, 4363, 5058, 5080, 5080, 5293, 5294, 5747, 5894, 5894, 5970, 6426, 6502, 6622, 6622, 7516, 7528, 8065, 8140, 8503, 8660, 9314, 9314, 10197, 10197, 10197, 54790, 387893"
"hsa-miR-708-3p","4352, 9683, 55611, 113419"
"hsa-miR-708-5p","142, 207, 208, 332, 595, 596, 648, 835, 960, 1271, 2140, 2146, 4313, 4826, 9839, 29126, 92162"
"hsa-miR-711","6667"
"hsa-miR-718","5728, 5728, 7422"
"hsa-miR-720","7291, 22846"
"hsa-miR-744-5p","1917, 4609"
"hsa-miR-7515","4233"
"hsa-miR-758-3p","7098, 51284"
"hsa-miR-760","1457, 3013, 8351"
"hsa-miR-762","262, 387733"
"hsa-miR-765","3172, 4916"
"hsa-miR-766-3p","581"
"hsa-miR-767-3p","4255"
"hsa-miR-767-5p","871, 1281, 1282, 1284, 1290, 1300, 2200, 4015, 4313, 5159, 6678"
"hsa-miR-768-3p","1977"
"hsa-miR-768-5p","4916"
"hsa-miR-802","4204"
"hsa-miR-874-3p","360, 360, 1025, 3065, 6774"
"hsa-miR-876-3p","4170"
"hsa-miR-885-3p","29126"
"hsa-miR-885-5p","836, 1017, 4174"
"hsa-miR-886-3p","990, 4170, 5347, 6387"
"hsa-miR-888-5p","999"
"hsa-miR-892b","4170"
"hsa-miR-9-3p","2770, 3688, 23186"
"hsa-miR-9-5p","38, 595, 639, 639, 639, 900, 947, 999, 999, 1045, 1385, 1813, 1994, 2113, 2308, 2308, 2309, 3398, 3925, 3925, 4322, 4522, 4763, 4790, 4790, 4790, 4790, 4790, 4916, 4916, 4916, 5465, 5978, 5978, 6722, 7045, 7048, 7101, 7852, 7852, 8546, 9480, 9655, 9759, 10018, 23405, 23411, 23411, 23621, 25978, 27086, 83871, 83871, 128209, 283659, 378938, 406886"
"hsa-miR-921","9068"
"hsa-miR-92a-3p","999, 1786, 2100, 3678, 5599, 5728, 6355, 6416, 6774, 8490, 8626, 9655, 9885, 9971, 10018, 10018, 10018, 10114, 10365, 11221, 22919, 23239, 29116, 84333, 114882, 117584, 132864, 204851"
"hsa-miR-92b-3p","1028, 4088, 5728, 6564, 8434, 10419, 27122, 51701"
"hsa-miR-93-5p","1026, 1026, 1026, 1601, 1869, 1869, 3576, 3696, 4092, 5728, 5813, 6517, 7048, 7422, 8850, 11334, 26524, 55054, 57659, 94241"
"hsa-miR-940","1843, 29126"
"hsa-miR-941","23135"
"hsa-miR-942-5p","3429"
"hsa-miR-944","57520, 64766"
"hsa-miR-95-3p","6642, 10659"
"hsa-miR-96-5p","112, 238, 949, 1026, 2308, 2308, 2309, 2932, 3351, 3376, 3845, 3845, 4286, 5888, 6505, 6533, 6591, 6847, 6935, 8434, 10419, 51455, 57761"
"hsa-miR-98-5p","867, 1588, 1870, 2146, 3596, 4609, 8091, 8091, 10857, 11334, 54619, 122809"
"hsa-miR-99a-5p","2261, 2261, 2261, 2289, 2475, 2475, 2475, 2475, 2475, 2475, 2475, 2475, 2475, 2475, 2475, 2475, 2475, 2475, 3198, 3480, 3480, 3480, 3480, 8467, 8467, 8897, 10217, 27161, 28951, 55225"
"hsa-miR-99b-5p","2475, 2475, 55225"
"kshv-miR-K12-1-5p","4094, 4792"
"kshv-miR-K12-11-3p","571, 571, 1051, 3720, 4090, 4094, 9782, 23641, 53346"
"kshv-miR-K12-3-5p","4809, 55144"
"kshv-miR-K12-4-3p","54960"
"kshv-miR-K12-4-5p","5934"
"kshv-miR-K12-5-3p","9774"
"kshv-miR-K12-6-3p","4094"
"mmu-miR-100-5p","2475"
"mmu-miR-1192","1839"
"mmu-miR-124-3p","1021"
"mmu-miR-126a-5p","11658, 476542"
"mmu-miR-137-3p","1021"
"mmu-miR-153-3p","6622, 8927, 27445"
"mmu-miR-155-5p","58801"
"mmu-miR-1a-3p","444"
"mmu-miR-210-3p","4790"
"mmu-miR-24-2-5p","5578"
"mmu-miR-30e-3p","10884, 10886, 219938"
"mmu-miR-465a-5p","5058"
"ptr-miR-182","2309"
"rno-miR-1-3p","444"
"rno-miR-132-3p","4204"
"rno-miR-150-5p","4602"
"rno-miR-194-5p","5879"
"rno-miR-19a-3p","57159, 114907"
"rno-miR-19b-3p","57159, 114907"
"rno-miR-200c-3p","8434, 9647, 29109"
"rno-miR-21-5p","51341"
"rno-miR-25-3p","50507"
"rno-miR-9a-5p","7094"
